<?xml version="1.0" encoding="UTF-8"?><?xml-stylesheet type='text/xsl' href='_UpgradeReport_Files/UpgradeReport.xslt'?><UpgradeLog>
<Properties><Property Name="Solution" Value="IPTools">
</Property><Property Name="Solution File" Value="D:\Giangday\0708ky1\Xu ly anh - Tin39\IPTools\IPTools\IPTools.sln">
</Property><Property Name="User Options File" Value="D:\Giangday\0708ky1\Xu ly anh - Tin39\IPTools\IPTools\IPTools.suo">
</Property><Property Name="Date" Value="Monday, February 06, 2012">
</Property><Property Name="Time" Value="21:37 PM">
</Property></Properties><Event ErrorLevel="0" Project="" Source="IPTools.sln" Description="File successfully backed up as D:\Giangday\0708ky1\Xu ly anh - Tin39\IPTools\IPTools\Backup\IPTools.sln">
</Event><Event ErrorLevel="0" Project="" Source="IPTools.suo" Description="File successfully backed up as D:\Giangday\0708ky1\Xu ly anh - Tin39\IPTools\IPTools\Backup\IPTools.suo">
</Event><Event ErrorLevel="0" Project="IPTools" Source="IPTools\IPTools.csproj" Description="Project file successfully backed up as D:\Giangday\0708ky1\Xu ly anh - Tin39\IPTools\IPTools\Backup\IPTools\IPTools.csproj">
</Event><Event ErrorLevel="0" Project="IPTools" Source="IPTools\ImageClass.cs" Description="File successfully backed up as D:\Giangday\0708ky1\Xu ly anh - Tin39\IPTools\IPTools\Backup\IPTools\ImageClass.cs">
</Event><Event ErrorLevel="0" Project="IPTools" Source="IPTools\MainForm.cs" Description="File successfully backed up as D:\Giangday\0708ky1\Xu ly anh - Tin39\IPTools\IPTools\Backup\IPTools\MainForm.cs">
</Event><Event ErrorLevel="0" Project="IPTools" Source="IPTools\MainForm.Designer.cs" Description="File successfully backed up as D:\Giangday\0708ky1\Xu ly anh - Tin39\IPTools\IPTools\Backup\IPTools\MainForm.Designer.cs">
</Event><Event ErrorLevel="0" Project="IPTools" Source="IPTools\Program.cs" Description="File successfully backed up as D:\Giangday\0708ky1\Xu ly anh - Tin39\IPTools\IPTools\Backup\IPTools\Program.cs">
</Event><Event ErrorLevel="0" Project="IPTools" Source="IPTools\Properties\AssemblyInfo.cs" Description="File successfully backed up as D:\Giangday\0708ky1\Xu ly anh - Tin39\IPTools\IPTools\Backup\IPTools\Properties\AssemblyInfo.cs">
</Event><Event ErrorLevel="0" Project="IPTools" Source="IPTools\Properties\Resources.Designer.cs" Description="File successfully backed up as D:\Giangday\0708ky1\Xu ly anh - Tin39\IPTools\IPTools\Backup\IPTools\Properties\Resources.Designer.cs">
</Event><Event ErrorLevel="0" Project="IPTools" Source="IPTools\Properties\Settings.Designer.cs" Description="File successfully backed up as D:\Giangday\0708ky1\Xu ly anh - Tin39\IPTools\IPTools\Backup\IPTools\Properties\Settings.Designer.cs">
</Event><Event ErrorLevel="0" Project="IPTools" Source="IPTools\Properties\Settings.settings" Description="File successfully backed up as D:\Giangday\0708ky1\Xu ly anh - Tin39\IPTools\IPTools\Backup\IPTools\Properties\Settings.settings">
</Event><Event ErrorLevel="0" Project="IPTools" Source="IPTools\MainForm.resx" Description="File successfully backed up as D:\Giangday\0708ky1\Xu ly anh - Tin39\IPTools\IPTools\Backup\IPTools\MainForm.resx">
</Event><Event ErrorLevel="0" Project="IPTools" Source="IPTools\Properties\Resources.resx" Description="File successfully backed up as D:\Giangday\0708ky1\Xu ly anh - Tin39\IPTools\IPTools\Backup\IPTools\Properties\Resources.resx">
</Event><Event ErrorLevel="0" Project="IPTools" Source="IPTools\IPTools.csproj" Description="Project converted successfully">
</Event><Event ErrorLevel="3" Project="IPTools" Source="IPTools\IPTools.csproj" Description="Converted">
</Event><Event ErrorLevel="0" Project="" Source="IPTools.sln" Description="Solution converted successfully">
</Event><Event ErrorLevel="3" Project="" Source="IPTools.sln" Description="Converted">
</Event><Event ErrorLevel="0" Project="IPTools" Source="IPTools\IPTools.csproj" Description="Scan complete: Upgrade not required for project files.">
</Event></UpgradeLog>